nameTeam,avgAge,valueTeam,year,numberPlayers,nameLeague
Paris Saint-Germain,24.2,805000000,2020,41,ligue-1
AS Monaco,24,370350000,2020,33,ligue-1
Stade Rennais FC,24.2,297500000,2020,37,ligue-1
OGC Nice,22.4,236100000,2020,41,ligue-1
Montpellier HSC,25.2,113850000,2020,34,ligue-1
RC Strasbourg Alsace,25.2,109650000,2020,34,ligue-1
Stade Reims,23.1,105180000,2020,34,ligue-1
FC Metz,24.6,103500000,2020,35,ligue-1
FC Nantes,25.4,94750000,2020,32,ligue-1
Dijon FCO,24.3,65629999,2020,37,ligue-1
Olympique Lyon,24.2,431350000,2020,40,ligue-1
LOSC Lille,23.6,323200000,2020,32,ligue-1
Olympique Marseille,24.2,251400000,2020,43,ligue-1
AS Saint-Etienne,23.6,154500000,2020,43,ligue-1
SCO Angers,25.8,111650000,2020,38,ligue-1
FC Girondins Bordeaux,25.4,105700000,2020,36,ligue-1
RC Lens,24.9,104300000,2020,36,ligue-1
Stade Brestois 29,25.2,103230000,2020,32,ligue-1
FC Lorient,26.4,72880000,2020,34,ligue-1
Nimes Olympique,24.9,60400000,2020,36,ligue-1
Paris Saint-Germain,25.2,874150000,2019,35,ligue-1
AS Monaco,25.3,331030000,2019,39,ligue-1
Olympique Marseille,24.3,216150000,2019,34,ligue-1
Stade Rennais FC,25,171880000,2019,33,ligue-1
FC Nantes,25,106150000,2019,35,ligue-1
RC Strasbourg Alsace,25.7,91130000,2019,31,ligue-1
Montpellier HSC,26.2,81680000,2019,30,ligue-1
FC Toulouse,23.5,71880000,2019,35,ligue-1
FC Metz,24.4,54100000,2019,32,ligue-1
Nimes Olympique,23.8,49650000,2019,35,ligue-1
Olympique Lyon,24,384550000,2019,33,ligue-1
LOSC Lille,23.7,247780000,2019,31,ligue-1
Paris Saint-Germain,24.5,519000000,2016,39,ligue-1
Olympique Lyon,23.6,211350000,2016,34,ligue-1
Olympique Marseille,25.7,119650000,2016,33,ligue-1
AS Saint-Etienne,24,85030000,2016,42,ligue-1
Stade Rennais FC,25,80900000,2016,43,ligue-1
FC Lorient,25.1,61100000,2016,41,ligue-1
FC Nantes,24.4,50900000,2016,30,ligue-1
EA Guingamp,26.2,42500000,2016,35,ligue-1
SM Caen,26.1,36650000,2016,36,ligue-1
AS Nancy-Lorraine,26.1,33100000,2016,30,ligue-1
AS Monaco,23.2,309550000,2016,47,ligue-1
OGC Nice,23.5,132800000,2016,39,ligue-1
FC Girondins Bordeaux,24.6,88900000,2016,36,ligue-1
Paris Saint-Germain,24.9,1010000000,2018,39,ligue-1
AS Monaco,23.4,385830000,2018,57,ligue-1
Olympique Marseille,26.1,258350000,2018,33,ligue-1
FC Girondins Bordeaux,23.8,179000000,2018,43,ligue-1
AS Saint-Etienne,24.3,131250000,2018,42,ligue-1
FC Toulouse,24.1,113250000,2018,40,ligue-1
RC Strasbourg Alsace,25.2,98000000,2018,33,ligue-1
Stade Reims,24.5,86950000,2018,37,ligue-1
EA Guingamp,25.3,70650000,2018,37,ligue-1
SM Caen,24.8,67550000,2018,39,ligue-1
Olympique Lyon,23.7,467950000,2018,34,ligue-1
LOSC Lille,23.7,267550000,2018,32,ligue-1
Paris Saint-Germain,24.9,436300000,2015,35,ligue-1
Olympique Lyon,25,166300000,2015,33,ligue-1
AS Saint-Etienne,25.1,97200000,2015,40,ligue-1
FC Girondins Bordeaux,23.5,90700000,2015,42,ligue-1
LOSC Lille,25.5,70800000,2015,34,ligue-1
Montpellier HSC,25.9,44400000,2015,32,ligue-1
FC Toulouse,24.1,42900000,2015,32,ligue-1
SM Caen,25.6,36800000,2015,30,ligue-1
SCO Angers,27.3,32350000,2015,34,ligue-1
SC Bastia,25.8,24250000,2015,31,ligue-1
AS Monaco,23.3,227400000,2015,39,ligue-1
Olympique Marseille,23.9,129500000,2015,38,ligue-1
Stade Rennais FC,24.6,94150000,2015,38,ligue-1
OGC Nice,23.4,70950000,2015,35,ligue-1
OGC Nice,23.1,173450000,2019,37,ligue-1
FC Girondins Bordeaux,25,125350000,2019,31,ligue-1
AS Saint-Etienne,24.8,104830000,2019,41,ligue-1
SCO Angers,25.9,89480000,2019,31,ligue-1
Stade Reims,23.7,81680000,2019,31,ligue-1
Amiens SC,25.3,61930000,2019,37,ligue-1
Dijon FCO,25.3,50230000,2019,31,ligue-1
Stade Brestois 29,26,47780000,2019,28,ligue-1
LOSC Lille,24.6,83900000,2016,46,ligue-1
FC Toulouse,23.9,77300000,2016,38,ligue-1
Montpellier HSC,25.6,60950000,2016,35,ligue-1
SCO Angers,26.3,46080000,2016,36,ligue-1
FC Metz,24.5,37550000,2016,39,ligue-1
SC Bastia,25.1,36450000,2016,37,ligue-1
Dijon FCO,26.3,31200000,2016,33,ligue-1
OGC Nice,22.7,183200000,2018,38,ligue-1
Stade Rennais FC,23.8,168450000,2018,41,ligue-1
FC Nantes,24.6,119500000,2018,40,ligue-1
Montpellier HSC,25.7,109850000,2018,32,ligue-1
Nimes Olympique,25,88150000,2018,31,ligue-1
SCO Angers,26.5,79700000,2018,38,ligue-1
Amiens SC,25.4,70500000,2018,36,ligue-1
Dijon FCO,25.7,65800000,2018,32,ligue-1
Paris Saint-Germain,25,900100000,2017,35,ligue-1
Olympique Lyon,23.1,363800000,2017,34,ligue-1
OGC Nice,23.6,204100000,2017,39,ligue-1
Stade Rennais FC,24.3,131250000,2017,35,ligue-1
AS Saint-Etienne,24.8,106880000,2017,40,ligue-1
LOSC Lille,22,96750000,2017,32,ligue-1
Dijon FCO,25.6,70300000,2017,35,ligue-1
SCO Angers,26.1,69550000,2017,33,ligue-1
EA Guingamp,26.7,51900000,2017,30,ligue-1
RC Strasbourg Alsace,26.3,45600000,2017,31,ligue-1
AS Monaco,23.5,529799999,2017,38,ligue-1
Olympique Marseille,26.8,236800000,2017,29,ligue-1
FC Girondins Bordeaux,24.1,155450000,2017,37,ligue-1
FC Toulouse,24.5,110450000,2017,28,ligue-1
Paris Saint-Germain,25.9,903450000,2021,35,ligue-1
Olympique Lyon,24.6,344050000,2021,28,ligue-1
OGC Nice,24.4,249450000,2021,26,ligue-1
Stade Rennais FC,24.1,224400000,2021,26,ligue-1
Stade Reims,23.8,117650000,2021,30,ligue-1
AS Saint-Etienne,25.2,104200000,2021,29,ligue-1
FC Nantes,26.1,100500000,2021,25,ligue-1
FC Metz,25.4,88300000,2021,31,ligue-1
SCO Angers,26.3,67400000,2021,26,ligue-1
FC Lorient,25.9,54700000,2021,27,ligue-1
AS Monaco,24.5,350850000,2021,29,ligue-1
Olympique Marseille,24.3,252600000,2021,28,ligue-1
FC Lorient,24.7,58050000,2015,35,ligue-1
Stade Reims,25.7,42950000,2015,35,ligue-1
FC Nantes,24.8,39300000,2015,32,ligue-1
EA Guingamp,26.8,33500000,2015,31,ligue-1
ESTAC Troyes,26.3,30700000,2015,37,ligue-1
GFC Ajaccio,25.8,18400000,2015,30,ligue-1
FC Nantes,24.6,105700000,2017,36,ligue-1
Montpellier HSC,25.4,71850000,2017,30,ligue-1
Amiens SC,27.3,69850000,2017,34,ligue-1
SM Caen,25.8,60100000,2017,33,ligue-1
FC Metz,24.7,51200000,2017,44,ligue-1
ESTAC Troyes,26,45050000,2017,30,ligue-1
LOSC Lille,25.9,243300000,2021,22,ligue-1
RC Lens,25.8,118900000,2021,23,ligue-1
Montpellier HSC,25.2,112750000,2021,26,ligue-1
RC Strasbourg Alsace,26.2,102000000,2021,24,ligue-1
FC Girondins Bordeaux,25.2,89300000,2021,31,ligue-1
Stade Brestois 29,25.6,79450000,2021,26,ligue-1
ESTAC Troyes,26.4,56500000,2021,31,ligue-1
Clermont Foot 63,26.3,45950000,2021,27,ligue-1
Paris Saint-Germain,25.3,363900000,2014,32,ligue-1
Olympique Lyon,24.4,144650000,2014,31,ligue-1
AS Saint-Etienne,25.4,83350000,2014,31,ligue-1
FC Girondins Bordeaux,23.8,71500000,2014,39,ligue-1
FC Lorient,24.7,59950000,2014,39,ligue-1
Montpellier HSC,25.2,51950000,2014,36,ligue-1
FC Nantes,25,46850000,2014,30,ligue-1
EA Guingamp,26.8,36250000,2014,31,ligue-1
SC Bastia,24.6,34250000,2014,41,ligue-1
FC Metz,25.4,29850000,2014,32,ligue-1
AS Monaco,24.1,187700000,2014,34,ligue-1
Olympique Marseille,23.2,139700000,2014,34,ligue-1
LOSC Lille,25.3,82650000,2014,31,ligue-1
Stade Rennais FC,24.9,66000000,2014,30,ligue-1
OGC Nice,23.4,56250000,2014,37,ligue-1
FC Toulouse,23.7,48800000,2014,36,ligue-1
Stade Reims,25.7,39250000,2014,32,ligue-1
FC Evian Thonon Gaillard,27,36150000,2014,33,ligue-1
SM Caen,27.1,32400000,2014,27,ligue-1
RC Lens,24.4,27200000,2014,29,ligue-1
Paris Saint-Germain,26.9,313600000,2012,36,ligue-1
Olympique Marseille,24.1,150650000,2012,43,ligue-1
Stade Rennais FC,23.9,97800000,2012,35,ligue-1
FC Toulouse,23.6,82000000,2012,32,ligue-1
Montpellier HSC,25.3,78700000,2012,36,ligue-1
OGC Nice,23.3,59150000,2012,39,ligue-1
FC Sochaux-Montbeliard,24.7,46850000,2012,34,ligue-1
Stade Brestois 29,25.4,36100000,2012,37,ligue-1
FC Evian Thonon Gaillard,26.5,34550000,2012,35,ligue-1
Stade Reims,25.9,29500000,2012,29,ligue-1
Olympique Lyon,23.9,155650000,2012,52,ligue-1
LOSC Lille,26.3,114600000,2012,28,ligue-1
AS Saint-Etienne,24.8,97600000,2012,34,ligue-1
FC Girondins Bordeaux,26.1,80950000,2012,30,ligue-1
FC Lorient,25.7,63750000,2012,35,ligue-1
Valenciennes FC,25.6,49750000,2012,32,ligue-1
AS Nancy-Lorraine,23.2,36850000,2012,37,ligue-1
SC Bastia,25.8,36050000,2012,37,ligue-1
AC Ajaccio,27.2,34100000,2012,32,ligue-1
ESTAC Troyes,26.2,21800000,2012,31,ligue-1
Paris Saint-Germain,26.5,211100000,2011,35,ligue-1
Olympique Marseille,25.3,146500000,2011,35,ligue-1
Stade Rennais FC,23.7,101800000,2011,32,ligue-1
AS Saint-Etienne,25.2,85600000,2011,36,ligue-1
FC Girondins Bordeaux,25.2,82050000,2011,30,ligue-1
FC Lorient,24.9,54050000,2011,36,ligue-1
OGC Nice,24.9,52450000,2011,34,ligue-1
Valenciennes FC,24.4,44500000,2011,36,ligue-1
Dijon FCO,24.9,36800000,2011,34,ligue-1
SM Caen,25.4,31800000,2011,28,ligue-1
Olympique Lyon,23.3,163850000,2011,42,ligue-1
LOSC Lille,26.4,145350000,2011,29,ligue-1
Montpellier HSC,26,86200000,2011,31,ligue-1
FC Toulouse,23,83050000,2011,33,ligue-1
FC Sochaux-Montbeliard,23.3,58800000,2011,36,ligue-1
AS Nancy-Lorraine,25.4,53900000,2011,37,ligue-1
AJ Auxerre,24,50900000,2011,42,ligue-1
Stade Brestois 29,26.1,43200000,2011,37,ligue-1
FC Evian Thonon Gaillard,27,32900000,2011,33,ligue-1
AC Ajaccio,26.2,26550000,2011,33,ligue-1
Paris Saint-Germain,25,402300000,2013,33,ligue-1
Olympique Marseille,25,141300000,2013,36,ligue-1
AS Saint-Etienne,25.3,105400000,2013,34,ligue-1
LOSC Lille,25.3,74100000,2013,32,ligue-1
FC Girondins Bordeaux,25.4,62700000,2013,38,ligue-1
OGC Nice,22.9,56100000,2013,42,ligue-1
FC Sochaux-Montbeliard,24.3,47450000,2013,44,ligue-1
Stade Reims,25,38730000,2013,35,ligue-1
SC Bastia,26.5,35600000,2013,35,ligue-1
AC Ajaccio,25.4,28300000,2013,38,ligue-1
AS Monaco,25.1,242550000,2013,45,ligue-1
Olympique Lyon,24.2,108500000,2013,36,ligue-1
Stade Rennais FC,24.2,92600000,2013,39,ligue-1
FC Toulouse,23.8,67400000,2013,39,ligue-1
FC Lorient,24.1,57150000,2013,38,ligue-1
Montpellier HSC,25.1,52350000,2013,31,ligue-1
FC Nantes,25.1,39550000,2013,34,ligue-1
Valenciennes FC,25.5,36650000,2013,34,ligue-1
FC Evian Thonon Gaillard,25.9,35000000,2013,35,ligue-1
EA Guingamp,26.6,21430000,2013,30,ligue-1
FC Barcelona,24.2,930280000,2019,42,primera-division
Atletico de Madrid,24.8,720150000,2019,33,primera-division
Real Sociedad,24.5,347550000,2019,36,primera-division
Real Betis Balompie,25,244350000,2019,38,primera-division
Villarreal CF,26.4,208680000,2019,33,primera-division
Celta de Vigo,24.9,167000000,2019,35,primera-division
CD Leganes,25.4,109700000,2019,39,primera-division
Levante UD,26.5,90500000,2019,33,primera-division
RCD Mallorca,26.4,64680000,2019,35,primera-division
Granada CF,25.9,56580000,2019,34,primera-division
Real Madrid,25.6,913750000,2019,33,primera-division
Valencia CF,25.5,427800000,2019,33,primera-division
Sevilla FC,25.7,294750000,2019,35,primera-division
Athletic Bilbao,26.3,211750000,2019,32,primera-division
Getafe CF,28,175450000,2019,33,primera-division
RCD Espanyol Barcelona,25.8,156050000,2019,40,primera-division
Deportivo Alaves,26.1,106750000,2019,37,primera-division
Real Valladolid CF,25.6,87780000,2019,37,primera-division
CA Osasuna,26.4,62780000,2019,37,primera-division
SD Eibar,28.3,53750000,2019,29,primera-division
Bayern Munich,25.8,804500000,2021,26,bundesliga
RB Leipzig,24.4,465600000,2021,26,bundesliga
VfL Wolfsburg,25.1,236500000,2021,28,bundesliga
TSG 1899 Hoffenheim,25.6,211450000,2021,30,bundesliga
VfB Stuttgart,22.8,161500000,2021,31,bundesliga
1.FSV Mainz 05,25.2,122050000,2021,25,bundesliga
Hertha BSC,25.7,96200000,2021,31,bundesliga
1.FC Union Berlin,27.3,73000000,2021,28,bundesliga
VfL Bochum,27.2,49650000,2021,30,bundesliga
Borussia Dortmund,24.7,560250000,2021,33,bundesliga
Bayer 04 Leverkusen,24.9,434450000,2021,27,bundesliga
Borussia Monchengladbach,26,220300000,2021,26,bundesliga
Eintracht Frankfurt,25.4,199050000,2021,32,bundesliga
SC Freiburg,25.3,152580000,2021,27,bundesliga
FC Augsburg,26,97800000,2021,28,bundesliga
1. FC Koln,25.2,82380000,2021,28,bundesliga
Arminia Bielefeld,24.9,63550000,2021,25,bundesliga
SpVgg Greuther Furth,24.8,32950000,2021,28,bundesliga
Real Madrid,27.5,756500000,2021,26,primera-division
Atletico de Madrid,28.5,660500000,2021,22,primera-division
Real Sociedad,26.2,387400000,2021,28,primera-division
Valencia CF,24.4,291800000,2021,26,primera-division
Athletic Bilbao,26.6,212600000,2021,25,primera-division
RCD Espanyol Barcelona,27.5,122500000,2021,26,primera-division
CA Osasuna,28.1,97600000,2021,24,primera-division
Levante UD,28.3,79700000,2021,28,primera-division
Deportivo Alaves,27,63700000,2021,26,primera-division
Cadiz CF,29,59550000,2021,26,primera-division
FC Barcelona,25.7,679000000,2021,30,primera-division
Sevilla FC,28.3,411900000,2021,26,primera-division
Villarreal CF,28.1,382500000,2021,26,primera-division
Real Betis Balompie,29,243100000,2021,27,primera-division
Getafe CF,26.5,158800000,2021,25,primera-division
Celta de Vigo,28,109700000,2021,21,primera-division
Granada CF,27.7,92800000,2021,29,primera-division
RCD Mallorca,27.7,71000000,2021,27,primera-division
Elche CF,29.4,61200000,2021,24,primera-division
Rayo Vallecano,28,55300000,2021,23,primera-division
FC Barcelona,25.1,813500000,2020,32,primera-division
Atletico de Madrid,24.9,773100000,2020,39,primera-division
Real Sociedad,24.7,406600000,2020,38,primera-division
Valencia CF,24.7,278850000,2020,35,primera-division
Athletic Bilbao,25.9,204150000,2020,32,primera-division
Celta de Vigo,24.3,155850000,2020,41,primera-division
Levante UD,26.5,113000000,2020,34,primera-division
SD Eibar,27.1,83400000,2020,34,primera-division
SD Huesca,26.5,64099999,2020,34,primera-division
Cadiz CF,27.2,47650000,2020,41,primera-division
Real Madrid,24.8,787300000,2020,37,primera-division
Sevilla FC,25.6,418250000,2020,38,primera-division
Villarreal CF,25.9,292600000,2020,36,primera-division
Real Betis Balompie,26.8,207700000,2020,33,primera-division
Getafe CF,25.4,170100000,2020,33,primera-division
Granada CF,24.9,122650000,2020,44,primera-division
CA Osasuna,27,96750000,2020,36,primera-division
Deportivo Alaves,25.6,79800000,2020,35,primera-division
Real Valladolid CF,26.9,63050000,2020,39,primera-division
Elche CF,26.7,45650000,2020,42,primera-division
Olympique Lyon,24.1,190250000,2010,29,ligue-1
LOSC Lille,25.2,127400000,2010,28,ligue-1
Stade Rennais FC,23.6,108950000,2010,33,ligue-1
FC Toulouse,23.9,80630000,2010,32,ligue-1
AS Saint-Etienne,24.8,72050000,2010,32,ligue-1
OGC Nice,25.3,63500000,2010,36,ligue-1
FC Sochaux-Montbeliard,24.1,60100000,2010,30,ligue-1
AS Nancy-Lorraine,26.1,52650000,2010,30,ligue-1
RC Lens,24.7,45600000,2010,39,ligue-1
Stade Brestois 29,25.8,34100000,2010,31,ligue-1
Olympique Marseille,26.1,167900000,2010,34,ligue-1
FC Girondins Bordeaux,24.8,123650000,2010,35,ligue-1
Paris Saint-Germain,26.4,100200000,2010,29,ligue-1
AS Monaco,24.6,75400000,2010,38,ligue-1
AJ Auxerre,24.3,66200000,2010,40,ligue-1
FC Lorient,25.2,62750000,2010,32,ligue-1
Valenciennes FC,25.1,57450000,2010,37,ligue-1
Montpellier HSC,25.2,51350000,2010,32,ligue-1
SM Caen,24.8,36100000,2010,30,ligue-1
Athletic Club Arlesien,27.1,19950000,2010,37,ligue-1
Bayern Munich,25.7,308980000,2010,31,bundesliga
FC Schalke 04,25.2,157180000,2010,36,bundesliga
Bayer 04 Leverkusen,25.1,147680000,2010,30,bundesliga
TSG 1899 Hoffenheim,23.8,126130000,2010,34,bundesliga
VfB Stuttgart,25.3,105250000,2010,33,bundesliga
Borussia Monchengladbach,25.8,66550000,2010,34,bundesliga
1.FSV Mainz 05,26.9,60600000,2010,28,bundesliga
SC Freiburg,25.3,59950000,2010,32,bundesliga
Eintracht Frankfurt,25.2,47580000,2010,31,bundesliga
Borussia Dortmund,24.8,169950000,2010,31,bundesliga
SV Werder Bremen,25,151130000,2010,38,bundesliga
VfL Wolfsburg,25.7,145100000,2010,34,bundesliga
Hamburger SV,25.9,112130000,2010,30,bundesliga
1. FC Koln,25.2,69280000,2010,38,bundesliga
Hannover 96,26,65349999,2010,28,bundesliga
1.FC Nuremberg,24.5,60200000,2010,32,bundesliga
1.FC Kaiserslautern,24.9,50500000,2010,30,bundesliga
FC St. Pauli,26.8,30500000,2010,30,bundesliga
Bayern Munich,23.9,858230000,2020,45,bundesliga
RB Leipzig,23.7,574950000,2020,32,bundesliga
Borussia Monchengladbach,25.7,300750000,2020,33,bundesliga
VfL Wolfsburg,26,256829999,2020,30,bundesliga
TSG 1899 Hoffenheim,25.1,228150000,2020,37,bundesliga
1.FSV Mainz 05,24.9,163300000,2020,36,bundesliga
FC Schalke 04,24.8,123050000,2020,45,bundesliga
SV Werder Bremen,25.2,111980000,2020,33,bundesliga
1.FC Union Berlin,25.8,82050000,2020,33,bundesliga
Borussia Dortmund,25,628400000,2020,32,bundesliga
Bayer 04 Leverkusen,25,373250000,2020,33,bundesliga
Eintracht Frankfurt,25.6,269150000,2020,36,bundesliga
Hertha BSC,24.4,228880000,2020,38,bundesliga
VfB Stuttgart,23.8,189250000,2020,32,bundesliga
SC Freiburg,25.2,139100000,2020,30,bundesliga
1. FC Koln,24.9,118200000,2020,36,bundesliga
FC Augsburg,25.8,93050000,2020,31,bundesliga
Arminia Bielefeld,24.9,56730000,2020,33,bundesliga
Bayern Munich,25.9,596050000,2015,34,bundesliga
VfL Wolfsburg,25.5,270430000,2015,35,bundesliga
FC Schalke 04,24.9,225200000,2015,32,bundesliga
TSG 1899 Hoffenheim,24.9,90200000,2015,30,bundesliga
VfB Stuttgart,24.8,81180000,2015,34,bundesliga
Eintracht Frankfurt,24.9,76600000,2015,35,bundesliga
1. FC Koln,25,68630000,2015,25,bundesliga
Hamburger SV,25.8,63200000,2015,35,bundesliga
FC Ingolstadt 04,25.2,35650000,2015,29,bundesliga
Borussia Dortmund,24.9,352950000,2015,30,bundesliga
Bayer 04 Leverkusen,24.2,241300000,2015,33,bundesliga
Borussia Monchengladbach,25.4,186150000,2015,29,bundesliga
1.FSV Mainz 05,25.3,85150000,2015,39,bundesliga
Hertha BSC,25.3,78930000,2015,34,bundesliga
FC Augsburg,25.9,75930000,2015,39,bundesliga
SV Werder Bremen,24.6,64680000,2015,39,bundesliga
Hannover 96,24.6,60830000,2015,39,bundesliga
SV Darmstadt 98,27.3,25150000,2015,30,bundesliga
Bayern Munich,26.1,562550000,2016,33,bundesliga
Bayer 04 Leverkusen,23.8,265029999,2016,39,bundesliga
VfL Wolfsburg,24.5,203080000,2016,43,bundesliga
Borussia Monchengladbach,24.4,162180000,2016,33,bundesliga
1. FC Koln,25.4,116150000,2016,30,bundesliga
Hertha BSC,25,96530000,2016,33,bundesliga
SC Freiburg,25,86730000,2016,36,bundesliga
Eintracht Frankfurt,24.1,72300000,2016,35,bundesliga
FC Ingolstadt 04,24.8,38630000,2016,32,bundesliga
Borussia Dortmund,25.2,390650000,2016,31,bundesliga
FC Schalke 04,24.7,217250000,2016,39,bundesliga
RB Leipzig,23.6,176330000,2016,33,bundesliga
TSG 1899 Hoffenheim,24.5,138630000,2016,33,bundesliga
1.FSV Mainz 05,24.3,96730000,2016,39,bundesliga
SV Werder Bremen,25.5,89450000,2016,41,bundesliga
Hamburger SV,24.6,80480000,2016,38,bundesliga
FC Augsburg,26.3,65849999,2016,37,bundesliga
SV Darmstadt 98,26.7,25980000,2016,39,bundesliga
Bayern Munich,23.7,777330000,2019,38,bundesliga
RB Leipzig,23,570480000,2019,38,bundesliga
Borussia Monchengladbach,25.8,254700000,2019,34,bundesliga
FC Schalke 04,24.2,221580000,2019,33,bundesliga
Eintracht Frankfurt,26.4,208980000,2019,35,bundesliga
SV Werder Bremen,26.2,135130000,2019,36,bundesliga
1.FSV Mainz 05,23.9,121580000,2019,35,bundesliga
1. FC Koln,25.3,98480000,2019,35,bundesliga
1.FC Union Berlin,26.2,41200000,2019,34,bundesliga
Borussia Dortmund,24.5,654050000,2019,37,bundesliga
Bayer 04 Leverkusen,25.1,398950000,2019,29,bundesliga
TSG 1899 Hoffenheim,26.3,226050000,2019,37,bundesliga
Hertha BSC,24.2,217200000,2019,42,bundesliga
VfL Wolfsburg,24.7,207600000,2019,38,bundesliga
SC Freiburg,25.8,122650000,2019,30,bundesliga
FC Augsburg,25.4,112950000,2019,37,bundesliga
Fortuna Dusseldorf,26.2,71780000,2019,37,bundesliga
SC Paderborn 07,25.3,28900000,2019,32,bundesliga
Bayern Munich,25.7,784880000,2018,32,bundesliga
RB Leipzig,22.6,479000000,2018,34,bundesliga
TSG 1899 Hoffenheim,24.4,336250000,2018,38,bundesliga
Borussia Monchengladbach,25.2,264300000,2018,30,bundesliga
FC Schalke 04,25.1,221300000,2018,39,bundesliga
SV Werder Bremen,25.8,168050000,2018,33,bundesliga
VfB Stuttgart,24.9,143750000,2018,34,bundesliga
SC Freiburg,25,122100000,2018,34,bundesliga
Hannover 96,25.7,91430000,2018,37,bundesliga
Borussia Dortmund,24.4,643250000,2018,34,bundesliga
Bayer 04 Leverkusen,24.6,429400000,2018,31,bundesliga
Eintracht Frankfurt,24.8,313400000,2018,47,bundesliga
VfL Wolfsburg,25.1,229250000,2018,36,bundesliga
Hertha BSC,24.4,207630000,2018,36,bundesliga
1.FSV Mainz 05,24.7,159730000,2018,35,bundesliga
FC Augsburg,24.9,139250000,2018,40,bundesliga
Fortuna Dusseldorf,26.3,94950000,2018,34,bundesliga
1.FC Nuremberg,25.2,54400000,2018,29,bundesliga
Bayern Munich,24.7,811850000,2017,38,bundesliga
RB Leipzig,24.1,373300000,2017,28,bundesliga
FC Schalke 04,25.5,274350000,2017,29,bundesliga
Borussia Monchengladbach,24.6,193250000,2017,35,bundesliga
VfB Stuttgart,24.7,134700000,2017,34,bundesliga
Eintracht Frankfurt,25,126150000,2017,36,bundesliga
SC Freiburg,25.5,100600000,2017,36,bundesliga
1.FSV Mainz 05,25.3,98350000,2017,33,bundesliga
1. FC Koln,24.5,91730000,2017,38,bundesliga
Borussia Dortmund,25,574200000,2017,35,bundesliga
Bayer 04 Leverkusen,25.3,357350000,2017,27,bundesliga
TSG 1899 Hoffenheim,24.1,212750000,2017,36,bundesliga
VfL Wolfsburg,24.3,143600000,2017,33,bundesliga
Hertha BSC,24.9,131449999,2017,32,bundesliga
SV Werder Bremen,25.6,107150000,2017,33,bundesliga
FC Augsburg,25.6,100450000,2017,33,bundesliga
Hannover 96,25.9,92950000,2017,30,bundesliga
Hamburger SV,24.5,62400000,2017,34,bundesliga
Bayern Munich,24.8,556880000,2013,33,bundesliga
FC Schalke 04,24.4,203250000,2013,38,bundesliga
VfL Wolfsburg,25.3,155230000,2013,36,bundesliga
VfB Stuttgart,25,108300000,2013,35,bundesliga
TSG 1899 Hoffenheim,23.7,97400000,2013,43,bundesliga
Hannover 96,25.2,80230000,2013,36,bundesliga
Hertha BSC,25.9,68080000,2013,32,bundesliga
1.FSV Mainz 05,26.6,59450000,2013,32,bundesliga
FC Augsburg,25.2,45950000,2013,35,bundesliga
Borussia Dortmund,24.7,326050000,2013,31,bundesliga
Bayer 04 Leverkusen,24.3,175880000,2013,35,bundesliga
Borussia Monchengladbach,25,111380000,2013,28,bundesliga
Hamburger SV,24.9,102780000,2013,34,bundesliga
Eintracht Frankfurt,24.7,86200000,2013,33,bundesliga
SC Freiburg,23.7,71680000,2013,35,bundesliga
SV Werder Bremen,23.7,66400000,2013,39,bundesliga
1.FC Nuremberg,24.2,56450000,2013,33,bundesliga
Eintracht Braunschweig,25.9,28580000,2013,33,bundesliga
Bayern Munich,25.3,462400000,2012,29,bundesliga
FC Schalke 04,24.8,181550000,2012,34,bundesliga
VfL Wolfsburg,25.8,109000000,2012,36,bundesliga
VfB Stuttgart,25.4,93130000,2012,34,bundesliga
Hannover 96,25.6,83150000,2012,35,bundesliga
SV Werder Bremen,23.5,78000000,2012,32,bundesliga
SC Freiburg,24.1,65800000,2012,32,bundesliga
1.FC Nuremberg,24.1,46830000,2012,32,bundesliga
SpVgg Greuther Furth,24.8,33330000,2012,37,bundesliga
Borussia Dortmund,24.2,302300000,2012,31,bundesliga
Bayer 04 Leverkusen,23.6,155300000,2012,33,bundesliga
Hamburger SV,25.1,104950000,2012,30,bundesliga
Borussia Monchengladbach,24.3,87330000,2012,29,bundesliga
TSG 1899 Hoffenheim,23.7,78250000,2012,43,bundesliga
Eintracht Frankfurt,25.4,68400000,2012,31,bundesliga
1.FSV Mainz 05,26.4,52430000,2012,32,bundesliga
FC Augsburg,26.2,38450000,2012,33,bundesliga
Fortuna Dusseldorf,25.7,31150000,2012,35,bundesliga
Bayern Munich,25.5,575130000,2014,33,bundesliga
VfL Wolfsburg,26.1,221050000,2014,30,bundesliga
Bayer 04 Leverkusen,24.9,177350000,2014,26,bundesliga
TSG 1899 Hoffenheim,24.4,121780000,2014,30,bundesliga
Hamburger SV,25.2,87150000,2014,38,bundesliga
Hannover 96,25.6,76650000,2014,35,bundesliga
SV Werder Bremen,23.9,67530000,2014,36,bundesliga
SC Freiburg,25.1,57400000,2014,30,bundesliga
FC Augsburg,25.5,50080000,2014,35,bundesliga
Borussia Dortmund,24.7,319500000,2014,37,bundesliga
FC Schalke 04,24,212000000,2014,36,bundesliga
Borussia Monchengladbach,25.9,130630000,2014,27,bundesliga
1.FSV Mainz 05,24.9,88000000,2014,36,bundesliga
VfB Stuttgart,24.7,86950000,2014,30,bundesliga
Eintracht Frankfurt,25.1,74900000,2014,30,bundesliga
Hertha BSC,26.3,66000000,2014,30,bundesliga
1. FC Koln,25.4,50750000,2014,27,bundesliga
SC Paderborn 07,26.1,28500000,2014,28,bundesliga
FC Barcelona,24.7,1160000000,2018,39,primera-division
Real Madrid,24.7,896100000,2018,36,primera-division
Sevilla FC,26.1,306300000,2018,38,primera-division
Real Betis Balompie,25.4,290750000,2018,34,primera-division
Celta de Vigo,25.3,234100000,2018,30,primera-division
RCD Espanyol Barcelona,26.8,174700000,2018,30,primera-division
CD Leganes,25.9,112450000,2018,38,primera-division
Levante UD,25.8,107850000,2018,31,primera-division
SD Eibar,27.3,96100000,2018,32,primera-division
Real Valladolid CF,25.1,83000000,2018,41,primera-division
Atletico de Madrid,24.2,969700000,2018,37,primera-division
Valencia CF,24.8,499650000,2018,33,primera-division
Real Sociedad,24.1,300950000,2018,33,primera-division
Athletic Bilbao,26.8,234250000,2018,32,primera-division
Villarreal CF,27.5,230650000,2018,32,primera-division
Getafe CF,27.3,132199999,2018,28,primera-division
Deportivo Alaves,25.9,110800000,2018,29,primera-division
Girona FC,25.9,97250000,2018,33,primera-division
Rayo Vallecano,26.2,86700000,2018,36,primera-division
SD Huesca,26.7,61400000,2018,39,primera-division
FC Barcelona,25.9,726000000,2015,32,primera-division
Atletico de Madrid,25.4,418500000,2015,30,primera-division
Sevilla FC,25.8,230300000,2015,38,primera-division
Villarreal CF,25.4,140600000,2015,28,primera-division
Celta de Vigo,24.6,91100000,2015,28,primera-division
Granada CF,25.9,71500000,2015,33,primera-division
Deportivo de La Coruna,28.2,61750000,2015,30,primera-division
Real Betis Balompie,26.9,56400000,2015,33,primera-division
Levante UD,27.3,53100000,2015,31,primera-division
Getafe CF,25.7,49100000,2015,30,primera-division
Real Madrid,24.8,714300000,2015,30,primera-division
Valencia CF,23.7,254000000,2015,38,primera-division
Athletic Bilbao,27,148000000,2015,28,primera-division
Real Sociedad,25.5,119400000,2015,32,primera-division
Malaga CF,27,77950000,2015,33,primera-division
RCD Espanyol Barcelona,25,62200000,2015,33,primera-division
SD Eibar,25.8,56600000,2015,35,primera-division
Sporting Gijon,24.7,53200000,2015,29,primera-division
Rayo Vallecano,28,49600000,2015,35,primera-division
UD Las Palmas,27.2,32200000,2015,33,primera-division
Real Madrid,24.3,788800000,2014,41,primera-division
Atletico de Madrid,25.7,356000000,2014,32,primera-division
Sevilla FC,25,166750000,2014,34,primera-division
Athletic Bilbao,26.2,112100000,2014,27,primera-division
Malaga CF,26.6,82800000,2014,30,primera-division
Granada CF,25.4,67550000,2014,39,primera-division
Deportivo de La Coruna,26.4,53900000,2014,33,primera-division
Cordoba CF,25.8,50900000,2014,36,primera-division
Levante UD,27.8,43450000,2014,31,primera-division
UD Almeria,25.1,38300000,2014,31,primera-division
FC Barcelona,25.4,603800000,2014,31,primera-division
Valencia CF,24.1,230000000,2014,26,primera-division
Villarreal CF,24.1,132699999,2014,37,primera-division
Real Sociedad,25.5,96800000,2014,30,primera-division
RCD Espanyol Barcelona,25.4,75700000,2014,32,primera-division
Celta de Vigo,24.3,60400000,2014,28,primera-division
Rayo Vallecano,26.7,51700000,2014,29,primera-division
Getafe CF,26.2,50200000,2014,33,primera-division
Elche CF,25.7,38600000,2014,29,primera-division
SD Eibar,28.3,29900000,2014,25,primera-division
Real Madrid,25.7,802900000,2016,29,primera-division
Atletico de Madrid,24.7,515799999,2016,38,primera-division
Valencia CF,24.9,257500000,2016,38,primera-division
Athletic Bilbao,26.9,172600000,2016,30,primera-division
Celta de Vigo,25.4,122400000,2016,29,primera-division
Deportivo Alaves,25.3,85400000,2016,30,primera-division
UD Las Palmas,26.7,84300000,2016,33,primera-division
RCD Espanyol Barcelona,27.3,80800000,2016,29,primera-division
Granada CF,25.2,66450000,2016,40,primera-division
Sporting Gijon,25.6,47650000,2016,33,primera-division
FC Barcelona,25.8,765300000,2016,33,primera-division
Sevilla FC,25.6,270100000,2016,38,primera-division
Villarreal CF,25.9,190700000,2016,34,primera-division
Real Sociedad,25.8,156450000,2016,30,primera-division
Deportivo de La Coruna,26.8,94000000,2016,37,primera-division
Malaga CF,26,84300000,2016,32,primera-division
Real Betis Balompie,26.3,84200000,2016,28,primera-division
SD Eibar,25.2,70400000,2016,38,primera-division
CD Leganes,26.1,53150000,2016,37,primera-division
CA Osasuna,25.5,42900000,2016,37,primera-division
Bayern Munich,25.8,356000000,2011,25,bundesliga
FC Schalke 04,24.7,155230000,2011,39,bundesliga
VfL Wolfsburg,25.9,125800000,2011,45,bundesliga
SV Werder Bremen,24.3,111950000,2011,38,bundesliga
Borussia Monchengladbach,24.4,88300000,2011,28,bundesliga
Hannover 96,25.7,76800000,2011,31,bundesliga
1. FC Koln,24.7,60180000,2011,34,bundesliga
1.FSV Mainz 05,25.7,52000000,2011,30,bundesliga
1.FC Kaiserslautern,24.3,42600000,2011,37,bundesliga
Borussia Dortmund,24.6,215950000,2011,30,bundesliga
Bayer 04 Leverkusen,24.1,134850000,2011,30,bundesliga
VfB Stuttgart,25.3,118000000,2011,32,bundesliga
TSG 1899 Hoffenheim,23.9,88650000,2011,35,bundesliga
Hamburger SV,24,85900000,2011,37,bundesliga
SC Freiburg,25,69430000,2011,37,bundesliga
1.FC Nuremberg,24.2,52100000,2011,30,bundesliga
Hertha BSC,24.7,45600000,2011,31,bundesliga
FC Augsburg,26.2,38350000,2011,32,bundesliga
Real Madrid,25.1,636800000,2013,32,primera-division
Atletico de Madrid,25,308800000,2013,35,primera-division
Sevilla FC,24.5,141150000,2013,37,primera-division
Athletic Bilbao,25.8,130699999,2013,27,primera-division
Malaga CF,26,62500000,2013,31,primera-division
Granada CF,25.1,57480000,2013,34,primera-division
RCD Espanyol Barcelona,25.7,51300000,2013,26,primera-division
Rayo Vallecano,25.2,46100000,2013,33,primera-division
Levante UD,27.7,42400000,2013,33,primera-division
Real Valladolid CF,26.6,41200000,2013,31,primera-division
FC Barcelona,26.2,592200000,2013,29,primera-division
Valencia CF,24.7,178800000,2013,42,primera-division
Real Sociedad,25.4,136700000,2013,31,primera-division
Villarreal CF,24.3,77300000,2013,29,primera-division
Real Betis Balompie,24.4,58600000,2013,41,primera-division
Getafe CF,26.9,55900000,2013,32,primera-division
Celta de Vigo,25.6,49900000,2013,29,primera-division
Elche CF,26.8,44600000,2013,32,primera-division
CA Osasuna,27,42300000,2013,29,primera-division
UD Almeria,26.3,36450000,2013,34,primera-division
FC Barcelona,26.3,1090000000,2017,32,primera-division
Atletico de Madrid,25.4,711150000,2017,36,primera-division
Sevilla FC,26.5,253200000,2017,33,primera-division
Real Sociedad,26.3,232950000,2017,29,primera-division
Celta de Vigo,24.5,173050000,2017,32,primera-division
RCD Espanyol Barcelona,27.3,97800000,2017,29,primera-division
Girona FC,25.4,81750000,2017,30,primera-division
Deportivo de La Coruna,26.8,66450000,2017,36,primera-division
Levante UD,25.2,61850000,2017,37,primera-division
CD Leganes,26.8,58550000,2017,34,primera-division
Real Madrid,24.5,955350000,2017,32,primera-division
Valencia CF,24.3,398050000,2017,30,primera-division
Athletic Bilbao,25.9,249400000,2017,33,primera-division
Villarreal CF,25.4,220000000,2017,40,primera-division
Real Betis Balompie,25.9,132250000,2017,31,primera-division
UD Las Palmas,26.9,91250000,2017,38,primera-division
Deportivo Alaves,25.1,74800000,2017,33,primera-division
Getafe CF,26.6,65599999,2017,36,primera-division
SD Eibar,26.8,60050000,2017,33,primera-division
Malaga CF,25.8,55200000,2017,40,primera-division
FC Barcelona,25.9,586600000,2012,30,primera-division
Atletico de Madrid,24.6,267000000,2012,32,primera-division
Sevilla FC,24.8,144800000,2012,34,primera-division
Athletic Bilbao,23.8,119850000,2012,35,primera-division
Granada CF,26.8,72800000,2012,31,primera-division
Real Betis Balompie,25.4,66200000,2012,37,primera-division
Rayo Vallecano,26.5,49750000,2012,36,primera-division
RCD Mallorca,24.9,47100000,2012,36,primera-division
CA Osasuna,27.7,46300000,2012,31,primera-division
Levante UD,27.9,41100000,2012,32,primera-division
Real Madrid,25.5,582400000,2012,34,primera-division
Valencia CF,25.2,172900000,2012,30,primera-division
Malaga CF,26.8,122900000,2012,33,primera-division
Real Sociedad,25,113300000,2012,27,primera-division
Getafe CF,26.7,68300000,2012,31,primera-division
RCD Espanyol Barcelona,25.4,64099999,2012,31,primera-division
Celta de Vigo,26.3,49100000,2012,30,primera-division
Real Zaragoza,25.9,46800000,2012,37,primera-division
Deportivo de La Coruna,28.3,45600000,2012,31,primera-division
Real Valladolid CF,26.5,38800000,2012,25,primera-division
Manchester City,27.7,959300000,2021,22,premier-league
Chelsea FC,27,852000000,2021,27,premier-league
Tottenham Hotspur,25.8,587250000,2021,22,premier-league
Leicester City,27.1,514799999,2021,27,premier-league
Aston Villa,26.2,433500000,2021,22,premier-league
West Ham United,29.1,348750000,2021,24,premier-league
Leeds United,24.7,288300000,2021,25,premier-league
Crystal Palace,27.6,259950000,2021,26,premier-league
Brentford FC,25.9,230900000,2021,25,premier-league
Watford FC,27.8,142800000,2021,30,premier-league
Liverpool FC,27.2,900500000,2021,27,premier-league
Manchester United,27.8,721250000,2021,28,premier-league
Arsenal FC,24.6,521000000,2021,21,premier-league
Everton FC,27.3,447750000,2021,29,premier-league
Wolverhampton Wanderers,26,352500000,2021,26,premier-league
Newcastle United,28.5,290900000,2021,28,premier-league
Southampton FC,26.7,265750000,2021,26,premier-league
Brighton & Hove Albion,25.3,255000000,2021,24,premier-league
Norwich City,25.7,146550000,2021,26,premier-league
Burnley FC,30,142000000,2021,24,premier-league
FC Barcelona,24.6,604700000,2010,35,primera-division
Atletico de Madrid,24.9,187000000,2010,31,primera-division
Sevilla FC,25.6,175600000,2010,36,primera-division
Athletic Bilbao,25.2,112000000,2010,30,primera-division
UD Almeria,25.8,73600000,2010,30,primera-division
Real Sociedad,25.8,66700000,2010,26,primera-division
Deportivo de La Coruna,26.5,63700000,2010,33,primera-division
CA Osasuna,28.1,57900000,2010,29,primera-division
RCD Mallorca,25.6,55200000,2010,29,primera-division
Hercules CF,26.8,51700000,2010,32,primera-division
Real Madrid,24.3,519000000,2010,38,primera-division
Valencia CF,26.4,176600000,2010,32,primera-division
Villarreal CF,25.2,170600000,2010,34,primera-division
RCD Espanyol Barcelona,24.3,78400000,2010,35,primera-division
Malaga CF,26.4,71050000,2010,37,primera-division
Getafe CF,25.3,66400000,2010,29,primera-division
Racing Santander,25.9,59300000,2010,30,primera-division
Real Zaragoza,26,57000000,2010,30,primera-division
Sporting Gijon,25.8,53400000,2010,33,primera-division
Levante UD,26.7,37600000,2010,33,primera-division
Manchester City,25.1,1010000000,2017,32,premier-league
Liverpool FC,24.9,857500000,2017,35,premier-league
Tottenham Hotspur,24.7,829600000,2017,34,premier-league
Everton FC,24.9,381250000,2017,48,premier-league
Southampton FC,25.8,297000000,2017,29,premier-league
Crystal Palace,25.8,220730000,2017,41,premier-league
Watford FC,26.8,196000000,2017,37,premier-league
Burnley FC,27.8,169300000,2017,30,premier-league
Swansea City,26.3,165490000,2017,36,premier-league
AFC Bournemouth,26,144500000,2017,35,premier-league
Chelsea FC,24.7,884250000,2017,46,premier-league
Manchester United,26.1,849500000,2017,35,premier-league
Arsenal FC,24.8,694000000,2017,45,premier-league
Leicester City,26.5,304250000,2017,34,premier-league
West Ham United,25.3,260600000,2017,41,premier-league
Newcastle United,25.4,208280000,2017,37,premier-league
Stoke City,26.2,192450000,2017,35,premier-league
West Bromwich Albion,26.5,165950000,2017,33,premier-league
Brighton & Hove Albion,26.7,148200000,2017,39,premier-league
Huddersfield Town,25.6,106050000,2017,35,premier-league
Manchester City,24.3,1200000000,2018,46,premier-league
Chelsea FC,25.6,1170000000,2018,54,premier-league
Manchester United,25.3,797600000,2018,36,premier-league
Everton FC,26,529100000,2018,40,premier-league
West Ham United,26.6,359000000,2018,37,premier-league
Southampton FC,24.9,305400000,2018,40,premier-league
Crystal Palace,26.4,289000000,2018,36,premier-league
Newcastle United,26,244650000,2018,37,premier-league
Burnley FC,28.1,197250000,2018,33,premier-league
Huddersfield Town,25.3,137450000,2018,33,premier-league
Liverpool FC,24.7,1170000000,2018,39,premier-league
Tottenham Hotspur,25.4,898600000,2018,34,premier-league
Arsenal FC,24.9,659050000,2018,42,premier-league
Leicester City,26.4,434100000,2018,37,premier-league
AFC Bournemouth,25.7,310000000,2018,37,premier-league
Wolverhampton Wanderers,24.1,302900000,2018,40,premier-league
Fulham FC,25.7,254250000,2018,33,premier-league
Watford FC,26.2,239100000,2018,39,premier-league
Brighton & Hove Albion,25.8,194350000,2018,41,premier-league
Cardiff City,27.3,113000000,2018,35,premier-league
Chelsea FC,24.8,686700000,2016,49,premier-league
Tottenham Hotspur,23.7,543650000,2016,38,premier-league
Manchester United,24.4,531450000,2016,42,premier-league
Everton FC,25.9,311250000,2016,39,premier-league
Southampton FC,25.3,263750000,2016,36,premier-league
Leicester City,26.6,218650000,2016,31,premier-league
Watford FC,26.8,175650000,2016,46,premier-league
Hull City,26,135850000,2016,42,premier-league
AFC Bournemouth,24.4,131600000,2016,41,premier-league
West Bromwich Albion,27.3,123200000,2016,30,premier-league
Manchester City,25.7,606700000,2016,44,premier-league
Arsenal FC,24.7,542000000,2016,42,premier-league
Liverpool FC,24.4,425650000,2016,38,premier-league
West Ham United,24.7,273050000,2016,44,premier-league
Crystal Palace,26.1,228430000,2016,45,premier-league
Stoke City,27.1,186000000,2016,34,premier-league
Swansea City,26.9,157100000,2016,37,premier-league
Sunderland AFC,25.3,132000000,2016,42,premier-league
Middlesbrough FC,27.3,128800000,2016,35,premier-league
Burnley FC,26.6,107180000,2016,36,premier-league
Chelsea FC,24.9,557250000,2014,38,premier-league
Manchester City,26.4,452250000,2014,36,premier-league
Liverpool FC,24.3,324850000,2014,35,premier-league
Southampton FC,24.5,210250000,2014,37,premier-league
Newcastle United,23.9,140000000,2014,42,premier-league
Swansea City,25.3,130750000,2014,36,premier-league
Aston Villa,25.3,114250000,2014,38,premier-league
Stoke City,27.4,110500000,2014,30,premier-league
West Bromwich Albion,26.5,95950000,2014,34,premier-league
Leicester City,26.9,66700000,2014,37,premier-league
Manchester United,24.9,505400000,2014,43,premier-league
Arsenal FC,24,414750000,2014,42,premier-league
Tottenham Hotspur,24.7,304150000,2014,42,premier-league
Everton FC,25.3,182850000,2014,40,premier-league
West Ham United,25.8,135900000,2014,36,premier-league
Hull City,27,117100000,2014,35,premier-league
Queens Park Rangers,26,112250000,2014,41,premier-league
Crystal Palace,27,97250000,2014,42,premier-league
Sunderland AFC,25.8,91000000,2014,34,premier-league
Burnley FC,26.5,52550000,2014,30,premier-league
Manchester City,25.1,1050000000,2019,34,premier-league
Tottenham Hotspur,24.8,806800000,2019,36,premier-league
Manchester United,23.9,670450000,2019,43,premier-league
Everton FC,26,420300000,2019,35,premier-league
Wolverhampton Wanderers,23.1,320330000,2019,44,premier-league
AFC Bournemouth,24.8,272180000,2019,39,premier-league
Aston Villa,25.7,231700000,2019,38,premier-league
Brighton & Hove Albion,24.7,200780000,2019,45,premier-league
Crystal Palace,26.8,189330000,2019,33,premier-league
Norwich City,25.5,145330000,2019,38,premier-league
Liverpool FC,23.3,1000000000,2019,56,premier-league
Chelsea FC,24.1,705850000,2019,36,premier-league
Arsenal FC,24.3,607650000,2019,38,premier-league
Leicester City,25.9,411100000,2019,32,premier-league
West Ham United,26.5,303600000,2019,38,premier-league
Newcastle United,26,252480000,2019,41,premier-league
Southampton FC,24.4,210750000,2019,36,premier-league
Watford FC,25.7,199600000,2019,43,premier-league
Burnley FC,26.3,163880000,2019,35,premier-league
Sheffield United,27.3,138600000,2019,34,premier-league
FC Barcelona,24.9,618200000,2011,35,primera-division
Atletico de Madrid,24.4,210000000,2011,37,primera-division
Athletic Bilbao,25.2,144200000,2011,30,primera-division
Sevilla FC,25,133000000,2011,34,primera-division
RCD Espanyol Barcelona,24.1,81200000,2011,37,primera-division
Getafe CF,26.4,70950000,2011,34,primera-division
Real Zaragoza,26.1,61000000,2011,33,primera-division
Sporting Gijon,25.9,53400000,2011,33,primera-division
Rayo Vallecano,25.8,47300000,2011,37,primera-division
Racing Santander,24.2,42600000,2011,38,primera-division
Real Madrid,24.8,539200000,2011,33,primera-division
Valencia CF,25.6,181000000,2011,28,primera-division
Villarreal CF,25.4,137000000,2011,35,primera-division
Malaga CF,26.9,121300000,2011,32,primera-division
Real Sociedad,25.3,74700000,2011,26,primera-division
RCD Mallorca,24.8,62200000,2011,32,primera-division
Granada CF,26.3,60600000,2011,32,primera-division
Real Betis Balompie,25.7,52700000,2011,36,primera-division
CA Osasuna,27.1,44400000,2011,32,primera-division
Levante UD,27.4,40250000,2011,34,primera-division
Manchester City,24.9,1040000000,2020,36,premier-league
Chelsea FC,25.2,889200000,2020,39,premier-league
Tottenham Hotspur,24.6,703500000,2020,41,premier-league
Everton FC,24.7,511200000,2020,44,premier-league
Wolverhampton Wanderers,23.9,450300000,2020,38,premier-league
West Ham United,26.5,334900000,2020,39,premier-league
Southampton FC,24.5,282800000,2020,39,premier-league
Fulham FC,26.4,239750000,2020,38,premier-league
Crystal Palace,27.7,193850000,2020,36,premier-league
West Bromwich Albion,26.1,141150000,2020,43,premier-league
Liverpool FC,24.4,969650000,2020,43,premier-league
Manchester United,24.9,770050000,2020,39,premier-league
Arsenal FC,24.4,619250000,2020,42,premier-league
Leicester City,25.3,510700000,2020,40,premier-league
Aston Villa,23.3,430750000,2020,53,premier-league
Brighton & Hove Albion,24.3,290400000,2020,46,premier-league
Newcastle United,26.9,255350000,2020,33,premier-league
Leeds United,24.5,238100000,2020,39,premier-league
Sheffield United,24.9,149850000,2020,40,premier-league
Burnley FC,26.6,132300000,2020,32,premier-league
Chelsea FC,24.7,553500000,2015,40,premier-league
Arsenal FC,24.7,457850000,2015,41,premier-league
Liverpool FC,23.4,375250000,2015,44,premier-league
Everton FC,25.7,249850000,2015,39,premier-league
West Ham United,24.2,201330000,2015,50,premier-league
Leicester City,26.9,161100000,2015,35,premier-league
Swansea City,25.8,145800000,2015,36,premier-league
Crystal Palace,26.6,135700000,2015,38,premier-league
Norwich City,26.6,116900000,2015,41,premier-league
Sunderland AFC,26.5,111250000,2015,42,premier-league
Manchester City,25.4,499350000,2015,38,premier-league
Manchester United,23.5,439850000,2015,44,premier-league
Tottenham Hotspur,23.7,371850000,2015,31,premier-league
Southampton FC,25,225500000,2015,35,premier-league
Newcastle United,24.5,198000000,2015,42,premier-league
Stoke City,27.3,147000000,2015,31,premier-league
Watford FC,27.4,137000000,2015,39,premier-league
Aston Villa,24.5,117950000,2015,44,premier-league
West Bromwich Albion,26.4,113100000,2015,35,premier-league
AFC Bournemouth,25.1,99900000,2015,49,premier-league
Chelsea FC,24.7,584200000,2013,49,premier-league
Manchester United,25.5,402550000,2013,37,premier-league
Liverpool FC,24.1,315750000,2013,36,premier-league
Everton FC,26,210000000,2013,34,premier-league
Southampton FC,24.2,131500000,2013,35,premier-league
Sunderland AFC,25.6,122000000,2013,39,premier-league
West Ham United,25.9,109500000,2013,45,premier-league
Stoke City,26.5,104700000,2013,33,premier-league
Norwich City,26.6,89300000,2013,32,premier-league
Crystal Palace,26.6,68700000,2013,45,premier-league
Manchester City,26.5,458300000,2013,28,premier-league
Arsenal FC,24.5,385750000,2013,41,premier-league
Tottenham Hotspur,23.8,288950000,2013,41,premier-league
Newcastle United,24.8,172300000,2013,37,premier-league
Swansea City,25.7,128930000,2013,36,premier-league
Fulham FC,25.9,112650000,2013,48,premier-league
Aston Villa,24.7,109500000,2013,36,premier-league
West Bromwich Albion,27.2,90800000,2013,33,premier-league
Cardiff City,25.3,87900000,2013,42,premier-league
Hull City,27.2,68150000,2013,34,premier-league
Manchester City,24.8,502100000,2012,41,premier-league
Chelsea FC,25.9,454250000,2012,34,premier-league
Tottenham Hotspur,25.5,296800000,2012,41,premier-league
Newcastle United,24.6,201750000,2012,39,premier-league
Sunderland AFC,25.3,133900000,2012,37,premier-league
Fulham FC,27.4,110850000,2012,37,premier-league
Stoke City,28.3,104050000,2012,30,premier-league
Swansea City,26.2,102250000,2012,33,premier-league
Wigan Athletic,25.8,91550000,2012,37,premier-league
Norwich City,25.9,73250000,2012,36,premier-league
Manchester United,24.7,457500000,2012,41,premier-league
Arsenal FC,24,296800000,2012,42,premier-league
Liverpool FC,23.5,276100000,2012,41,premier-league
Everton FC,25.7,139750000,2012,29,premier-league
Queens Park Rangers,28.7,120050000,2012,38,premier-league
Aston Villa,24.7,110500000,2012,33,premier-league
West Ham United,25.6,103000000,2012,39,premier-league
West Bromwich Albion,26,93000000,2012,32,premier-league
Southampton FC,24.8,83050000,2012,40,premier-league
Reading FC,26.3,46250000,2012,35,premier-league
Chelsea FC,25.5,424100000,2010,33,premier-league
Manchester United,25.1,388000000,2010,43,premier-league
Arsenal FC,24.4,324000000,2010,34,premier-league
Aston Villa,26.1,202800000,2010,39,premier-league
Sunderland AFC,24.7,149330000,2010,39,premier-league
Newcastle United,24.7,119480000,2010,38,premier-league
Bolton Wanderers,26.4,100150000,2010,34,premier-league
Stoke City,27.9,94450000,2010,33,premier-league
West Bromwich Albion,25.2,86880000,2010,37,premier-league
Wigan Athletic,25,80500000,2010,35,premier-league
Manchester City,24.4,404180000,2010,45,premier-league
Liverpool FC,24.5,339200000,2010,42,premier-league
Tottenham Hotspur,25.7,307380000,2010,38,premier-league
Everton FC,24.9,184480000,2010,32,premier-league
West Ham United,25.9,138750000,2010,40,premier-league
Fulham FC,28.5,109550000,2010,34,premier-league
Birmingham City,26.8,95380000,2010,34,premier-league
Blackburn Rovers,26.1,91530000,2010,37,premier-league
Wolverhampton Wanderers,24.7,83550000,2010,42,premier-league
Blackpool FC,25.2,50030000,2010,45,premier-league
Juventus FC,27.2,555600000,2021,25,serie-a
SSC Napoli,27.4,493850000,2021,25,serie-a
Atalanta BC,27.6,384900000,2021,25,serie-a
SS Lazio,27.8,266250000,2021,25,serie-a
US Sassuolo,26.4,236600000,2021,30,serie-a
Bologna FC 1909,25.9,146000000,2021,29,serie-a
Hellas Verona,25.7,125830000,2021,26,serie-a
Udinese Calcio,26.8,104250000,2021,26,serie-a
FC Empoli,25.5,91100000,2021,28,serie-a
Spezia Calcio,23.6,71300000,2021,31,serie-a
Inter Milan,30.1,528900000,2021,25,serie-a
AC Milan,26.8,480100000,2021,27,serie-a
AS Roma,25.3,369350000,2021,28,serie-a
ACF Fiorentina,27.1,237000000,2021,25,serie-a
Torino FC,25.4,221080000,2021,29,serie-a
Cagliari Calcio,26.3,128550000,2021,27,serie-a
Genoa CFC,25.7,112850000,2021,32,serie-a
UC Sampdoria,28.2,95900000,2021,26,serie-a
Venezia FC,26.6,82530000,2021,30,serie-a
US Salernitana 1919,27.3,54850000,2021,35,serie-a
Juventus FC,26.2,497180000,2016,38,serie-a
AS Roma,23.7,354680000,2016,47,serie-a
AC Milan,24.9,254330000,2016,42,serie-a
ACF Fiorentina,24.1,217080000,2016,42,serie-a
Atalanta BC,25.5,161700000,2016,44,serie-a
UC Sampdoria,24.7,117580000,2016,42,serie-a
Udinese Calcio,24.5,101950000,2016,44,serie-a
Cagliari Calcio,24.7,61080000,2016,46,serie-a
Delfino Pescara 1936,24.7,48100000,2016,50,serie-a
US Palermo,24.4,41100000,2016,39,serie-a
SSC Napoli,25.7,387380000,2016,37,serie-a
Inter Milan,25.4,328300000,2016,41,serie-a
SS Lazio,23.7,226450000,2016,46,serie-a
Torino FC,24.3,162350000,2016,51,serie-a
US Sassuolo,24.5,145250000,2016,48,serie-a
Genoa CFC,25.8,108180000,2016,44,serie-a
Bologna FC 1909,24.7,95000000,2016,48,serie-a
Empoli FC ,24.5,55450000,2016,42,serie-a
Chievo Verona,26.3,45880000,2016,44,serie-a
FC Crotone,25,36700000,2016,37,serie-a
Juventus FC,25.5,440000000,2015,38,serie-a
SSC Napoli,25.9,321930000,2015,34,serie-a
AC Milan,25.5,213830000,2015,42,serie-a
SS Lazio,25.7,175300000,2015,38,serie-a
Genoa CFC,24.2,117550000,2015,47,serie-a
Udinese Calcio,26.3,93000000,2015,43,serie-a
Atalanta BC,26.8,78450000,2015,44,serie-a
Empoli FC ,24.1,74600000,2015,38,serie-a
Carpi FC 1909,25.9,52050000,2015,41,serie-a
Hellas Verona,25.9,47730000,2015,42,serie-a
AS Roma,24.7,332900000,2015,48,serie-a
Inter Milan,25.2,294280000,2015,42,serie-a
ACF Fiorentina,26.1,190530000,2015,39,serie-a
UC Sampdoria,26,126530000,2015,43,serie-a
US Sassuolo,24.7,97000000,2015,39,serie-a
Torino FC,25.7,89830000,2015,39,serie-a
Bologna FC 1909,25.7,75230000,2015,42,serie-a
US Palermo,24.5,68680000,2015,40,serie-a
Chievo Verona,27.5,49780000,2015,40,serie-a
Frosinone Calcio,26.2,38300000,2015,35,serie-a
Inter Milan,25.2,663900000,2020,41,serie-a
AC Milan,23.9,547780000,2020,42,serie-a
Atalanta BC,25,430000000,2020,39,serie-a
SS Lazio,25.6,326330000,2020,44,serie-a
US Sassuolo,24.9,241740000,2020,39,serie-a
Torino FC,25.4,175280000,2020,40,serie-a
Hellas Verona,24.2,157210000,2020,46,serie-a
Parma Calcio 1913,25.1,128699999,2020,53,serie-a
Genoa CFC,26.5,111930000,2020,44,serie-a
FC Crotone,26,52750000,2020,41,serie-a
Juventus FC,24.7,633300000,2020,45,serie-a
SSC Napoli,26,530200000,2020,32,serie-a
AS Roma,24.6,395650000,2020,46,serie-a
ACF Fiorentina,25.7,286800000,2020,41,serie-a
Cagliari Calcio,25.4,187830000,2020,42,serie-a
Udinese Calcio,25.8,173000000,2020,42,serie-a
Bologna FC 1909,24.1,153600000,2020,45,serie-a
UC Sampdoria,26.4,127180000,2020,34,serie-a
Spezia Calcio,25.7,71680000,2020,39,serie-a
Benevento Calcio,27.4,50130000,2020,36,serie-a
Juventus FC,25,871050000,2018,59,serie-a
Inter Milan,24,617930000,2018,60,serie-a
AS Roma,23.7,459050000,2018,57,serie-a
ACF Fiorentina,22.9,315330000,2018,56,serie-a
US Sassuolo,23.8,242050000,2018,59,serie-a
UC Sampdoria,23.5,216750000,2018,59,serie-a
Genoa CFC,23.8,191730000,2018,69,serie-a
Bologna FC 1909,25,119680000,2018,48,serie-a
SPAL,25.3,97400000,2018,51,serie-a
Chievo Verona,24.7,54700000,2018,68,serie-a
SSC Napoli,24.3,646800000,2018,54,serie-a
AC Milan,24.4,578480000,2018,45,serie-a
Atalanta BC,22.7,367680000,2018,88,serie-a
SS Lazio,24.4,291150000,2018,57,serie-a
Torino FC,23.7,239230000,2018,62,serie-a
Udinese Calcio,24.7,201200000,2018,56,serie-a
Cagliari Calcio,25.9,155380000,2018,49,serie-a
Empoli FC ,24.1,105600000,2018,59,serie-a
Parma Calcio 1913,25.6,95750000,2018,70,serie-a
Frosinone Calcio,25.8,54530000,2018,44,serie-a
Juventus FC,26.3,337900000,2012,40,serie-a
AC Milan,25.5,238530000,2012,42,serie-a
ACF Fiorentina,25.2,213650000,2012,42,serie-a
SS Lazio,24.9,143280000,2012,55,serie-a
Genoa CFC,26.5,98500000,2012,46,serie-a
Parma FC,25.6,85780000,2012,42,serie-a
Bologna FC 1909,24.5,78550000,2012,49,serie-a
Cagliari Calcio,24,76380000,2012,34,serie-a
Torino FC,25.8,61600000,2012,38,serie-a
Delfino Pescara 1936,24.5,47800000,2012,52,serie-a
FC Internazionale,24.3,242800000,2012,55,serie-a
SSC Napoli,26.2,237250000,2012,41,serie-a
AS Roma,24.6,173400000,2012,37,serie-a
Udinese Calcio,23.3,121000000,2012,48,serie-a
UC Sampdoria,25.3,85930000,2012,37,serie-a
US Palermo,25.2,80950000,2012,52,serie-a
Calcio Catania,25.4,76480000,2012,38,serie-a
Atalanta BC,27.7,74100000,2012,43,serie-a
Chievo Verona,26.8,55100000,2012,46,serie-a
AC Siena,27.3,47480000,2012,48,serie-a
Juventus FC,27,329000000,2014,35,serie-a
SSC Napoli,26.7,262180000,2014,34,serie-a
AC Milan,25.2,236130000,2014,47,serie-a
SS Lazio,26.3,167550000,2014,36,serie-a
Genoa CFC,25.1,117330000,2014,48,serie-a
US Palermo,24.9,92600000,2014,40,serie-a
Atalanta BC,26.9,83480000,2014,42,serie-a
Cagliari Calcio,24.5,74700000,2014,36,serie-a
Chievo Verona,27.6,62050000,2014,40,serie-a
Hellas Verona,26.4,41800000,2014,38,serie-a
AS Roma,25.9,276780000,2014,43,serie-a
Inter Milan,24.5,260700000,2014,44,serie-a
ACF Fiorentina,25.9,216130000,2014,49,serie-a
UC Sampdoria,25.6,132229999,2014,41,serie-a
Udinese Calcio,23.9,107180000,2014,50,serie-a
US Sassuolo,26.3,91030000,2014,41,serie-a
Torino FC,26,82580000,2014,45,serie-a
Parma FC,25.1,65950000,2014,55,serie-a
Empoli FC ,23.8,54030000,2014,40,serie-a
AC Cesena,25.9,34150000,2014,37,serie-a
Juventus FC,26.6,653150000,2017,33,serie-a
Inter Milan,25.9,487280000,2017,34,serie-a
SS Lazio,24.8,408780000,2017,44,serie-a
ACF Fiorentina,23.8,237330000,2017,41,serie-a
UC Sampdoria,24.6,190450000,2017,39,serie-a
Genoa CFC,26,135130000,2017,44,serie-a
Udinese Calcio,24,108030000,2017,46,serie-a
Cagliari Calcio,25.4,98580000,2017,41,serie-a
Benevento Calcio,25.1,57830000,2017,48,serie-a
Chievo Verona,27.4,55230000,2017,36,serie-a
SSC Napoli,25.2,504250000,2017,40,serie-a
AS Roma,23.7,469100000,2017,47,serie-a
AC Milan,24.5,407050000,2017,42,serie-a
Atalanta BC,23.6,207950000,2017,37,serie-a
Torino FC,23.8,175530000,2017,51,serie-a
US Sassuolo,25,126780000,2017,39,serie-a
Bologna FC 1909,25.3,103550000,2017,41,serie-a
SPAL 2013,25.4,63550000,2017,42,serie-a
Hellas Verona,25.5,56500000,2017,41,serie-a
FC Crotone,24.1,47880000,2017,40,serie-a
Manchester City,25.4,498600000,2011,36,premier-league
Chelsea FC,26.7,375500000,2011,32,premier-league
Tottenham Hotspur,25.2,323500000,2011,50,premier-league
Everton FC,26.3,169950000,2011,36,premier-league
Sunderland AFC,25.5,126500000,2011,36,premier-league
Fulham FC,27.1,100000000,2011,36,premier-league
Stoke City,28.5,81650000,2011,32,premier-league
Blackburn Rovers,25.4,80000000,2011,37,premier-league
Swansea City,25.5,75600000,2011,34,premier-league
West Bromwich Albion,26,69550000,2011,36,premier-league
Manchester United,24.6,404100000,2011,41,premier-league
Arsenal FC,24.2,362430000,2011,45,premier-league
Liverpool FC,25.6,236900000,2011,31,premier-league
Newcastle United,24.8,161700000,2011,37,premier-league
Aston Villa,25.6,123500000,2011,37,premier-league
Bolton Wanderers,25.9,90050000,2011,38,premier-league
Queens Park Rangers,27.6,81380000,2011,48,premier-league
Wolverhampton Wanderers,25,78050000,2011,37,premier-league
Wigan Athletic,26.2,74250000,2011,30,premier-league
Norwich City,25.5,58750000,2011,29,premier-league
Juventus FC,26.8,661880000,2019,38,serie-a
SSC Napoli,26.7,548280000,2019,33,serie-a
AS Roma,25.6,392730000,2019,36,serie-a
ACF Fiorentina,24.7,302230000,2019,42,serie-a
US Sassuolo,24.3,167980000,2019,44,serie-a
Torino FC,24.7,163550000,2019,37,serie-a
UC Sampdoria,25.1,135280000,2019,38,serie-a
Parma Calcio 1913,26.1,128750000,2019,40,serie-a
Hellas Verona,25,112530000,2019,40,serie-a
SPAL,25.6,73630000,2019,42,serie-a
Inter Milan,26.7,606050000,2019,34,serie-a
AC Milan,25.2,404330000,2019,37,serie-a
SS Lazio,26.1,303880000,2019,34,serie-a
Atalanta BC,24.9,291430000,2019,37,serie-a
Cagliari Calcio,25.8,167830000,2019,41,serie-a
Genoa CFC,26.2,142380000,2019,43,serie-a
Bologna FC 1909,24.5,129650000,2019,40,serie-a
Udinese Calcio,24.9,121080000,2019,39,serie-a
Brescia Calcio,25.9,83230000,2019,33,serie-a
US Lecce,25,52330000,2019,47,serie-a
Juventus FC,25.6,391450000,2013,48,serie-a
SSC Napoli,26.8,276600000,2013,36,serie-a
ACF Fiorentina,25.3,249130000,2013,56,serie-a
SS Lazio,25,162950000,2013,54,serie-a
Genoa CFC,24.4,102100000,2013,66,serie-a
US Sassuolo,25,87850000,2013,56,serie-a
UC Sampdoria,24.5,83480000,2013,58,serie-a
Calcio Catania,24.3,78980000,2013,54,serie-a
AS Livorno,24.9,71180000,2013,48,serie-a
Chievo Verona,25,69080000,2013,72,serie-a
FC Internazionale,24.3,292650000,2013,63,serie-a
AC Milan,25.3,263950000,2013,47,serie-a
AS Roma,23.9,246400000,2013,59,serie-a
Udinese Calcio,23.7,123950000,2013,63,serie-a
Parma FC,25.2,89780000,2013,48,serie-a
Cagliari Calcio,24.9,86200000,2013,36,serie-a
Torino FC,25.4,80250000,2013,43,serie-a
Atalanta BC,25,73930000,2013,62,serie-a
Bologna FC 1909,24.7,69830000,2013,64,serie-a
Hellas Verona,25.5,67130000,2013,54,serie-a
FC Internazionale,25.4,303050000,2011,48,serie-a
Juventus FC,27.8,262279999,2011,34,serie-a
AS Roma,25.5,172780000,2011,39,serie-a
ACF Fiorentina,24.6,130830000,2011,40,serie-a
SS Lazio,25.1,113680000,2011,53,serie-a
Parma FC,25.2,82350000,2011,43,serie-a
Atalanta BC,27.4,67580000,2011,36,serie-a
Calcio Catania,26.5,59250000,2011,39,serie-a
AC Siena,26.9,39330000,2011,37,serie-a
US Lecce,25.8,37530000,2011,41,serie-a
AC Milan,26.2,273530000,2011,45,serie-a
SSC Napoli,28.2,204750000,2011,29,serie-a
Udinese Calcio,23.4,140130000,2011,49,serie-a
US Palermo,24.5,119050000,2011,46,serie-a
Genoa CFC,25.7,104300000,2011,39,serie-a
Cagliari Calcio,24.8,71650000,2011,33,serie-a
Bologna FC 1909,24.8,63900000,2011,41,serie-a
Chievo Verona,26.2,44800000,2011,40,serie-a
AC Cesena,25.2,39030000,2011,45,serie-a
Novara Calcio 1908,26.8,28430000,2011,38,serie-a
FC Internazionale,25.6,346950000,2010,44,serie-a
Juventus FC,25.5,258930000,2010,51,serie-a
AS Roma,26.2,172980000,2010,43,serie-a
Genoa CFC,24.8,168180000,2010,45,serie-a
UC Sampdoria,24,125050000,2010,46,serie-a
SS Lazio,26.6,111730000,2010,44,serie-a
Cagliari Calcio,27.2,85030000,2010,37,serie-a
Bologna FC 1909,24.4,63050000,2010,38,serie-a
AS Bari,25.2,51500000,2010,46,serie-a
Brescia Calcio,25.6,38050000,2010,43,serie-a
AC Milan,27.2,288080000,2010,45,serie-a
ACF Fiorentina,24.4,175480000,2010,42,serie-a
SSC Napoli,27.8,170430000,2010,31,serie-a
Udinese Calcio,24.1,137050000,2010,40,serie-a
US Palermo,23.7,123030000,2010,45,serie-a
Parma FC,25.2,86050000,2010,43,serie-a
AC Cesena,25.9,64230000,2010,45,serie-a
Calcio Catania,26.3,60680000,2010,35,serie-a
Chievo Verona,26.7,48950000,2010,43,serie-a
US Lecce,25.1,32700000,2010,37,serie-a
